lang	gold	text
en	Content	I thought I'd be sad about the trip ending, but I'm not. It was lovely and I'm just glad it happened.
en	Joyful	Traffic was awful and I spilled coffee on my shirt, but none of it mattered because she said yes! We're engaged!
en	Sad	Everyone at the party kept saying how happy I must be. I smiled and thanked them and then cried in the bathroom for twenty minutes.
en	Drained	Fine. Work was fine. I'm just really, really tired in a way sleep doesn't touch anymore.
en	Anxious	Everything is probably okay. The scan is probably nothing. I keep checking my email anyway, every two minutes.
en	Frustrated	I was patient the first time. And the second. By the fifth call with the same useless answer I was done.
en	Hopeful	Rough month, honestly, and I'm still tired. But the new plan feels right and for the first time I think it might actually work.
en	Overwhelmed	Good news, I got the promotion. Bad news, that also means the new team, the relocation, and the handover by Friday, and I can't breathe.
en	Numb	Someone asked how I was and I said fine. I genuinely don't know if that was true or not.
en	Grateful	I lost my keys and my phone battery died, and a stranger walked me all the way home. I'm so thankful for people.
en	Peaceful	No plans, no messages, rain on the roof. I finally stopped rushing and it feels like I can breathe.
en	Energized	Only slept four hours but somehow I feel great. Finished three tasks before lunch and I'm ready for more.
en	Sad	Short one today. Missing her.
en	Anxious	Can't sleep. What if I said the wrong thing?
en	Content	Went to the shops, made pasta, watched a show. Good enough day.
en	Frustrated	Why is it always me who has to remind everyone? I'm so tired of being the only one who follows through.
en	Joyful	We won! I screamed so loud I lost my voice and I'm still grinning.
en	Numb	Nothing's wrong. Nothing's right either. I've just been going through the motions for weeks and can't remember the last time I felt anything.
en	Drained	I did everything on the list. I feel like a phone at one percent.
en	Hopeful	The letter hasn't come yet, but the lawyer says the case looks strong. I'm trying not to hope too much, but I do.
en	Overwhelmed	The kids, the job, the house, my dad's care. Every time I finish one thing, three more appear. I can't do all of it.
en	Sad	Watched our old videos tonight. I'm glad we had those years, but I ache so much that they're over.
en	Anxious	I've rewritten this message to him nine times. What if he's still angry? My hands are shaking.
en	Peaceful	After the long argument settled, we sat together not talking. It was a calm I hadn't felt in a long time.
